<bot_botcomponentset>
  <bot_botcomponent botcomponentid.schemaname="new_topic_7af1516febc74b04bd1fae018e7b6955_85df75ce08a44a9b82cc8f3fdb25f669" botid.schemaname="new_bot_7af1516febc74b04bd1fae018e7b6955">
    <iscustomizable>1</iscustomizable>
  </bot_botcomponent>
  <bot_botcomponent botid.schemaname="new_bot_7af1516febc74b04bd1fae018e7b6955" botcomponentid.schemaname="new_customtype_7af1516febc74b04bd1fae018e7b6955_f86fcadfd497444e91ed11c12b059d10">
    <iscustomizable>1</iscustomizable>
  </bot_botcomponent>
  <bot_botcomponent botcomponentid.schemaname="new_topic_93a51305f8584935ae1617875387d5ce_8a4964498f83424bb3a86295bf7d0952_startover" botid.schemaname="new_bot_93a51305f8584935ae1617875387d5ce">
    <iscustomizable>1</iscustomizable>
  </bot_botcomponent>
  <bot_botcomponent botcomponentid.schemaname="new_topic_93a51305f8584935ae1617875387d5ce_3d2584ec30914684839527e05e7be172_thankyou" botid.schemaname="new_bot_93a51305f8584935ae1617875387d5ce">
    <iscustomizable>1</iscustomizable>
  </bot_botcomponent>
  <bot_botcomponent botcomponentid.schemaname="new_topic_7af1516febc74b04bd1fae018e7b6955_8a4964498f83424bb3a86295bf7d0952_startover" botid.schemaname="new_bot_7af1516febc74b04bd1fae018e7b6955">
    <iscustomizable>1</iscustomizable>
  </bot_botcomponent>
  <bot_botcomponent botcomponentid.schemaname="new_topic_7af1516febc74b04bd1fae018e7b6955_3d2584ec30914684839527e05e7be172_thankyou" botid.schemaname="new_bot_7af1516febc74b04bd1fae018e7b6955">
    <iscustomizable>1</iscustomizable>
  </bot_botcomponent>
  <bot_botcomponent botid.schemaname="new_bot_7af1516febc74b04bd1fae018e7b6955" botcomponentid.schemaname="new_topic_7af1516febc74b04bd1fae018e7b6955_33d5123770ba4daeafae51b361ddc80a">
    <iscustomizable>1</iscustomizable>
  </bot_botcomponent>
  <bot_botcomponent botcomponentid.schemaname="new_topic_93a51305f8584935ae1617875387d5ce_33d5123770ba4daeafae51b361ddc80a" botid.schemaname="new_bot_93a51305f8584935ae1617875387d5ce">
    <iscustomizable>1</iscustomizable>
  </bot_botcomponent>
  <bot_botcomponent botid.schemaname="new_bot_93a51305f8584935ae1617875387d5ce" botcomponentid.schemaname="new_topic_93a51305f8584935ae1617875387d5ce_21a34f1673a24096a99ba0effb63cc1d">
    <iscustomizable>1</iscustomizable>
  </bot_botcomponent>
  <bot_botcomponent botid.schemaname="new_bot_93a51305f8584935ae1617875387d5ce" botcomponentid.schemaname="new_topic_93a51305f8584935ae1617875387d5ce_ba7b967c97ba4c39bca58a8bb6a72d59_conversationstart">
    <iscustomizable>1</iscustomizable>
  </bot_botcomponent>
  <bot_botcomponent botcomponentid.schemaname="new_topic_93a51305f8584935ae1617875387d5ce_dbafebd526364487911b63a2a774389f" botid.schemaname="new_bot_93a51305f8584935ae1617875387d5ce">
    <iscustomizable>1</iscustomizable>
  </bot_botcomponent>
  <bot_botcomponent botid.schemaname="new_bot_93a51305f8584935ae1617875387d5ce" botcomponentid.schemaname="new_topic_93a51305f8584935ae1617875387d5ce_85df75ce08a44a9b82cc8f3fdb25f669">
    <iscustomizable>1</iscustomizable>
  </bot_botcomponent>
  <bot_botcomponent botcomponentid.schemaname="new_customtype_93a51305f8584935ae1617875387d5ce_f86fcadfd497444e91ed11c12b059d10" botid.schemaname="new_bot_93a51305f8584935ae1617875387d5ce">
    <iscustomizable>1</iscustomizable>
  </bot_botcomponent>
  <bot_botcomponent botid.schemaname="new_bot_93a51305f8584935ae1617875387d5ce" botcomponentid.schemaname="new_topic_93a51305f8584935ae1617875387d5ce_954135cafcd647eaae5999ad91fc08cf_talktoagent">
    <iscustomizable>1</iscustomizable>
  </bot_botcomponent>
  <bot_botcomponent botid.schemaname="new_bot_93a51305f8584935ae1617875387d5ce" botcomponentid.schemaname="new_topic_93a51305f8584935ae1617875387d5ce_aeabea4d071f415c8c107e1cb7af5424_assumedsuccess">
    <iscustomizable>1</iscustomizable>
  </bot_botcomponent>
  <bot_botcomponent botid.schemaname="new_bot_7af1516febc74b04bd1fae018e7b6955" botcomponentid.schemaname="new_topic_7af1516febc74b04bd1fae018e7b6955_ba7b967c97ba4c39bca58a8bb6a72d59_conversationstart">
    <iscustomizable>1</iscustomizable>
  </bot_botcomponent>
  <bot_botcomponent botcomponentid.schemaname="new_topic_93a51305f8584935ae1617875387d5ce_db1f76b081dc43389df9dd2df7518737_confirmedsuccess" botid.schemaname="new_bot_93a51305f8584935ae1617875387d5ce">
    <iscustomizable>1</iscustomizable>
  </bot_botcomponent>
  <bot_botcomponent botid.schemaname="new_bot_93a51305f8584935ae1617875387d5ce" botcomponentid.schemaname="new_topic_93a51305f8584935ae1617875387d5ce_d2198a5ee41a48a5bf70ab8970145a9f_confirmedfailure">
    <iscustomizable>1</iscustomizable>
  </bot_botcomponent>
  <bot_botcomponent botcomponentid.schemaname="new_topic_7af1516febc74b04bd1fae018e7b6955_954135cafcd647eaae5999ad91fc08cf_talktoagent" botid.schemaname="new_bot_7af1516febc74b04bd1fae018e7b6955">
    <iscustomizable>1</iscustomizable>
  </bot_botcomponent>
  <bot_botcomponent botcomponentid.schemaname="new_topic_7af1516febc74b04bd1fae018e7b6955_aeabea4d071f415c8c107e1cb7af5424_assumedsuccess" botid.schemaname="new_bot_7af1516febc74b04bd1fae018e7b6955">
    <iscustomizable>1</iscustomizable>
  </bot_botcomponent>
  <bot_botcomponent botcomponentid.schemaname="new_topic_93a51305f8584935ae1617875387d5ce_f56d1a3e522740c78f9fac0939332dbd_goodbye" botid.schemaname="new_bot_93a51305f8584935ae1617875387d5ce">
    <iscustomizable>1</iscustomizable>
  </bot_botcomponent>
  <bot_botcomponent botid.schemaname="new_bot_7af1516febc74b04bd1fae018e7b6955" botcomponentid.schemaname="new_topic_7af1516febc74b04bd1fae018e7b6955_db1f76b081dc43389df9dd2df7518737_confirmedsuccess">
    <iscustomizable>1</iscustomizable>
  </bot_botcomponent>
  <bot_botcomponent botcomponentid.schemaname="new_customtype_93a51305f8584935ae1617875387d5ce_92610204747047ac8f788f7eecd91118" botid.schemaname="new_bot_93a51305f8584935ae1617875387d5ce">
    <iscustomizable>1</iscustomizable>
  </bot_botcomponent>
  <bot_botcomponent botid.schemaname="new_bot_7af1516febc74b04bd1fae018e7b6955" botcomponentid.schemaname="new_topic_7af1516febc74b04bd1fae018e7b6955_d2198a5ee41a48a5bf70ab8970145a9f_confirmedfailure">
    <iscustomizable>1</iscustomizable>
  </bot_botcomponent>
  <bot_botcomponent botid.schemaname="new_bot_7af1516febc74b04bd1fae018e7b6955" botcomponentid.schemaname="new_topic_7af1516febc74b04bd1fae018e7b6955_f56d1a3e522740c78f9fac0939332dbd_goodbye">
    <iscustomizable>1</iscustomizable>
  </bot_botcomponent>
  <bot_botcomponent botid.schemaname="new_bot_7af1516febc74b04bd1fae018e7b6955" botcomponentid.schemaname="new_customtype_7af1516febc74b04bd1fae018e7b6955_92610204747047ac8f788f7eecd91118">
    <iscustomizable>1</iscustomizable>
  </bot_botcomponent>
  <bot_botcomponent botid.schemaname="new_bot_7af1516febc74b04bd1fae018e7b6955" botcomponentid.schemaname="new_topic_7af1516febc74b04bd1fae018e7b6955_21a34f1673a24096a99ba0effb63cc1d">
    <iscustomizable>1</iscustomizable>
  </bot_botcomponent>
  <bot_botcomponent botcomponentid.schemaname="new_topic_7af1516febc74b04bd1fae018e7b6955_dbafebd526364487911b63a2a774389f" botid.schemaname="new_bot_7af1516febc74b04bd1fae018e7b6955">
    <iscustomizable>1</iscustomizable>
  </bot_botcomponent>
</bot_botcomponentset>