<botcomponent_workflowset>
  <botcomponent_workflow botcomponentid.schemaname="new_topic_7af1516febc74b04bd1fae018e7b6955_ba7b967c97ba4c39bca58a8bb6a72d59_conversationstart" workflowid.workflowid="36cf577f-3bab-ea11-a812-000d3a33febe">
    <iscustomizable>1</iscustomizable>
  </botcomponent_workflow>
  <botcomponent_workflow botcomponentid.schemaname="new_topic_7af1516febc74b04bd1fae018e7b6955_ba7b967c97ba4c39bca58a8bb6a72d59_conversationstart" workflowid.workflowid="96cb1fb3-42ab-ea11-a812-000d3a33febe">
    <iscustomizable>1</iscustomizable>
  </botcomponent_workflow>
</botcomponent_workflowset>