{
  "Intents": [
    {
      "IntentType": "System",
      "SystemIntentTypes": [
        "AssumedSuccess"
      ],
      "DialogId": "new_topic_7af1516febc74b04bd1fae018e7b6955_aeabea4d071f415c8c107e1cb7af5424_assumedsuccess",
      "IsTriggeringEnabled": true,
      "Id": "new_topic_7af1516febc74b04bd1fae018e7b6955_aeabea4d071f415c8c107e1cb7af5424_assumedsuccess",
      "DisplayName": "End of Conversation",
      "Description": "System Intent Default Customer Survey",
      "CreatedTime": "2019-01-15T00:00:00",
      "UpdatedTime": "2019-01-15T00:00:00",
      "CreatedUserId": "user0",
      "UpdatedUserId": "user0"
    }
  ],
  "Dialogs": [
    {
      "RootNodeId": "41d42054-d4cb-4e90-b922-2b16b37fe379",
      "DialogType": "System",
      "DialogChangeNodes": [
        {
          "TargetDialogId": "new_topic_7af1516febc74b04bd1fae018e7b6955_db1f76b081dc43389df9dd2df7518737_confirmedsuccess",
          "NodeType": "DialogChangeNode",
          "Id": "f4de4350-1dee-477d-ae36-d9a0d8f5b93f"
        },
        {
          "TargetDialogId": "new_topic_7af1516febc74b04bd1fae018e7b6955_d2198a5ee41a48a5bf70ab8970145a9f_confirmedfailure",
          "NodeType": "DialogChangeNode",
          "Id": "9b23998f-839a-4900-985b-e7855c6eff26"
        }
      ],
      "QuestionNodes": [
        {
          "ContextVariableId": "48673479-2ccb-44aa-bd48-2e184726ef94",
          "NodeType": "QuestionNode",
          "Id": "41d42054-d4cb-4e90-b922-2b16b37fe379",
          "Routes": [
            {
              "Expression": "@equals(parameters('48673479-2ccb-44aa-bd48-2e184726ef94'), true)",
              "TargetNodeId": "f4de4350-1dee-477d-ae36-d9a0d8f5b93f"
            },
            {
              "Expression": "@equals(parameters('48673479-2ccb-44aa-bd48-2e184726ef94'), false)",
              "TargetNodeId": "9b23998f-839a-4900-985b-e7855c6eff26"
            }
          ]
        }
      ],
      "Id": "new_topic_7af1516febc74b04bd1fae018e7b6955_aeabea4d071f415c8c107e1cb7af5424_assumedsuccess",
      "DisplayName": "Dialog",
      "CreatedTime": "2019-01-15T00:00:00",
      "UpdatedTime": "2019-01-15T00:00:00",
      "CreatedUserId": "user0",
      "UpdatedUserId": "user0"
    }
  ],
  "BotMessages": [
    {
      "ChannelContent": {
        "web": {
          "ContentFormat": "Markdown",
          "Content": "Did that answer your question?"
        }
      },
      "Id": "eb394d80-6d36-434d-9ea8-6e50a36a7ade",
      "CreatedTime": "2019-01-15T00:00:00",
      "UpdatedTime": "2019-01-15T00:00:00",
      "CreatedUserId": "user0",
      "UpdatedUserId": "user0"
    },
    {
      "ChannelContent": {
        "web": {
          "ContentFormat": "Markdown",
          "Content": "Sorry, I didn't get that. Did that answer your question?"
        }
      },
      "Id": "03f0830a-59bb-4b51-a750-8c94ac4fb847",
      "CreatedTime": "2019-01-15T00:00:00",
      "UpdatedTime": "2019-01-15T00:00:00",
      "CreatedUserId": "user0",
      "UpdatedUserId": "user0"
    }
  ],
  "ContextVariables": [
    {
      "ContextVariableType": "Regular",
      "SystemVariableTypes": [],
      "SystemType": "Boolean",
      "InitializerType": "UserQuestion",
      "Scope": "Dialog",
      "GreedySlotFillingEnabled": false,
      "IsInput": false,
      "ExternalInitializationAllowed": false,
      "Messages": {
        "GetValue": [
          "eb394d80-6d36-434d-9ea8-6e50a36a7ade"
        ],
        "InvalidInput": [
          "03f0830a-59bb-4b51-a750-8c94ac4fb847"
        ]
      },
      "IsGlobal": false,
      "Id": "48673479-2ccb-44aa-bd48-2e184726ef94",
      "DisplayName": "PRR Survey Question",
      "CreatedTime": "2019-01-15T00:00:00",
      "UpdatedTime": "2019-01-15T00:00:00",
      "CreatedUserId": "user0",
      "UpdatedUserId": "user0"
    }
  ],
  "SystemIntentIds": {},
  "SystemVariableIds": {},
  "SystemNamedEntityIds": {}
}