{
  "Intents": [
    {
      "IntentType": "Regular",
      "SystemIntentTypes": [],
      "TriggerQueries": [
        "When are you closed",
        "When are you open",
        "Store hours",
        "Daily open hours"
      ],
      "DialogId": "new_topic_7af1516febc74b04bd1fae018e7b6955_33d5123770ba4daeafae51b361ddc80a",
      "IsTriggeringEnabled": true,
      "Id": "new_topic_7af1516febc74b04bd1fae018e7b6955_33d5123770ba4daeafae51b361ddc80a",
      "DisplayName": "Lesson 1 - A simple topic",
      "Description": "Lesson 1 - This lesson will show you how you can create a simple topic with one conditional branch.\n\nOver the next few lessons, we will show how to add and define variables, conditions and entities.\n\nWelcome to Power Virtual Agents!",
      "CreatedTime": "2019-01-15T00:00:00",
      "UpdatedTime": "2020-06-10T15:26:25.9334559Z",
      "CreatedUserId": "user0",
      "UpdatedUserId": "8eead718-d6ee-498c-9e70-8cb78960e275"
    }
  ],
  "Dialogs": [
    {
      "RootNodeId": "e901982c-a22d-4074-b8c7-f7842977a047",
      "DialogType": "Regular",
      "MessageNodes": [
        {
          "BotMessageId": "159e7c92-8871-41a0-a739-9f67085f995f",
          "NodeType": "BotMessageNode",
          "Id": "e901982c-a22d-4074-b8c7-f7842977a047",
          "DefaultTargetNodeId": "1f6c0946-4d56-4714-96f5-15e2247e953b"
        },
        {
          "BotMessageId": "614e2fa3-2cf0-42e3-a2eb-18f9fb274ee6",
          "NodeType": "BotMessageNode",
          "Id": "1f6c0946-4d56-4714-96f5-15e2247e953b",
          "DefaultTargetNodeId": "6e127cd1-99ff-4c5e-8f3e-9ae93c0d4777"
        }
      ],
      "DialogChangeNodes": [
        {
          "TargetDialogId": "new_topic_7af1516febc74b04bd1fae018e7b6955_aeabea4d071f415c8c107e1cb7af5424_assumedsuccess",
          "NodeType": "DialogChangeNode",
          "Id": "6e127cd1-99ff-4c5e-8f3e-9ae93c0d4777"
        }
      ],
      "Id": "new_topic_7af1516febc74b04bd1fae018e7b6955_33d5123770ba4daeafae51b361ddc80a",
      "DisplayName": "Dialog",
      "CreatedTime": "2019-01-15T00:00:00",
      "UpdatedTime": "2020-06-10T15:26:25.9334559Z",
      "CreatedUserId": "user0",
      "UpdatedUserId": "8eead718-d6ee-498c-9e70-8cb78960e275"
    }
  ],
  "BotMessages": [
    {
      "ChannelContent": {
        "web": {
          "ContentFormat": "Markdown",
          "Content": "I'm happy to help with store hours."
        }
      },
      "Id": "159e7c92-8871-41a0-a739-9f67085f995f",
      "CreatedTime": "2019-01-15T00:00:00",
      "UpdatedTime": "2020-06-10T15:26:25.9334559Z",
      "CreatedUserId": "user0",
      "UpdatedUserId": "8eead718-d6ee-498c-9e70-8cb78960e275"
    },
    {
      "ChannelContent": {
        "web": {
          "ContentFormat": "Markdown",
          "Content": "The Redmond hours are:\n\n*   Mon-Fri: 9am to 6pm\n*   Sat: 10am to 4pm\n*   Sun: Closed\n\nThe Seattle hours are:\n\n*   Mon-Fri: 9am to 6pm\n*   Sat-Sun: 10am to 4pm"
        }
      },
      "Id": "614e2fa3-2cf0-42e3-a2eb-18f9fb274ee6",
      "CreatedTime": "2019-10-24T04:02:13.435Z",
      "UpdatedTime": "2020-06-10T15:26:25.9334559Z",
      "CreatedUserId": "user0",
      "UpdatedUserId": "8eead718-d6ee-498c-9e70-8cb78960e275"
    }
  ],
  "SystemIntentIds": {},
  "SystemVariableIds": {},
  "SystemNamedEntityIds": {}
}