<ImportExportXml version="9.1.0.23474" SolutionPackageVersion="9.1" languagecode="1033" generatedBy="CrmLive" xmlns:xsi="http://www.w3.org/2001/XMLSchema-instance">
  <SolutionManifest>
    <UniqueName>PartsFinderandTroubleshootingBots</UniqueName>
    <LocalizedNames>
      <LocalizedName description="Parts Finder and Troubleshooting Bots" languagecode="1033" />
    </LocalizedNames>
    <Descriptions />
    <Version>1.0.0.1</Version>
    <Managed>0</Managed>
    <Publisher>
      <UniqueName>Crd5300</UniqueName>
      <LocalizedNames>
        <LocalizedName description="CDS Default Publisher" languagecode="1033" />
      </LocalizedNames>
      <Descriptions />
      <EMailAddress xsi:nil="true"></EMailAddress>
      <SupportingWebsiteUrl xsi:nil="true"></SupportingWebsiteUrl>
      <CustomizationPrefix>cr928</CustomizationPrefix>
      <CustomizationOptionValuePrefix>65764</CustomizationOptionValuePrefix>
      <Addresses>
        <Address>
          <AddressNumber>1</AddressNumber>
          <AddressTypeCode xsi:nil="true"></AddressTypeCode>
          <City xsi:nil="true"></City>
          <County xsi:nil="true"></County>
          <Country xsi:nil="true"></Country>
          <Fax xsi:nil="true"></Fax>
          <FreightTermsCode xsi:nil="true"></FreightTermsCode>
          <ImportSequenceNumber xsi:nil="true"></ImportSequenceNumber>
          <Latitude xsi:nil="true"></Latitude>
          <Line1 xsi:nil="true"></Line1>
          <Line2 xsi:nil="true"></Line2>
          <Line3 xsi:nil="true"></Line3>
          <Longitude xsi:nil="true"></Longitude>
          <Name xsi:nil="true"></Name>
          <PostalCode xsi:nil="true"></PostalCode>
          <PostOfficeBox xsi:nil="true"></PostOfficeBox>
          <PrimaryContactName xsi:nil="true"></PrimaryContactName>
          <ShippingMethodCode xsi:nil="true"></ShippingMethodCode>
          <StateOrProvince xsi:nil="true"></StateOrProvince>
          <Telephone1 xsi:nil="true"></Telephone1>
          <Telephone2 xsi:nil="true"></Telephone2>
          <Telephone3 xsi:nil="true"></Telephone3>
          <TimeZoneRuleVersionNumber xsi:nil="true"></TimeZoneRuleVersionNumber>
          <UPSZone xsi:nil="true"></UPSZone>
          <UTCOffset xsi:nil="true"></UTCOffset>
          <UTCConversionTimeZoneCode xsi:nil="true"></UTCConversionTimeZoneCode>
        </Address>
        <Address>
          <AddressNumber>2</AddressNumber>
          <AddressTypeCode xsi:nil="true"></AddressTypeCode>
          <City xsi:nil="true"></City>
          <County xsi:nil="true"></County>
          <Country xsi:nil="true"></Country>
          <Fax xsi:nil="true"></Fax>
          <FreightTermsCode xsi:nil="true"></FreightTermsCode>
          <ImportSequenceNumber xsi:nil="true"></ImportSequenceNumber>
          <Latitude xsi:nil="true"></Latitude>
          <Line1 xsi:nil="true"></Line1>
          <Line2 xsi:nil="true"></Line2>
          <Line3 xsi:nil="true"></Line3>
          <Longitude xsi:nil="true"></Longitude>
          <Name xsi:nil="true"></Name>
          <PostalCode xsi:nil="true"></PostalCode>
          <PostOfficeBox xsi:nil="true"></PostOfficeBox>
          <PrimaryContactName xsi:nil="true"></PrimaryContactName>
          <ShippingMethodCode xsi:nil="true"></ShippingMethodCode>
          <StateOrProvince xsi:nil="true"></StateOrProvince>
          <Telephone1 xsi:nil="true"></Telephone1>
          <Telephone2 xsi:nil="true"></Telephone2>
          <Telephone3 xsi:nil="true"></Telephone3>
          <TimeZoneRuleVersionNumber xsi:nil="true"></TimeZoneRuleVersionNumber>
          <UPSZone xsi:nil="true"></UPSZone>
          <UTCOffset xsi:nil="true"></UTCOffset>
          <UTCConversionTimeZoneCode xsi:nil="true"></UTCConversionTimeZoneCode>
        </Address>
      </Addresses>
    </Publisher>
    <RootComponents>
      <RootComponent type="29" id="{36cf577f-3bab-ea11-a812-000d3a33febe}" behavior="0" />
      <RootComponent type="29" id="{96cb1fb3-42ab-ea11-a812-000d3a33febe}" behavior="0" />
    </RootComponents>
    <MissingDependencies>
      <MissingDependency>
        <Required key="0" type="1" schemaName="botcomponent" displayName="Chatbot subcomponent" solution="PowerVirtualAgents (1.1.2.118)" />
        <Dependent key="1" type="botcomponent" displayName="new_topic_93a51305f8584935ae1617875387d5ce_d2198a5ee41a48a5bf70ab8970145a9f_confirmedfailure" id.schemaname="new_topic_93a51305f8584935ae1617875387d5ce_d2198a5ee41a48a5bf70ab8970145a9f_confirmedfailure" />
      </MissingDependency>
      <MissingDependency>
        <Required key="0" type="1" schemaName="botcomponent" displayName="Chatbot subcomponent" solution="PowerVirtualAgents (1.1.2.118)" />
        <Dependent key="2" type="botcomponent" displayName="new_topic_7af1516febc74b04bd1fae018e7b6955_3d2584ec30914684839527e05e7be172_thankyou" id.schemaname="new_topic_7af1516febc74b04bd1fae018e7b6955_3d2584ec30914684839527e05e7be172_thankyou" />
      </MissingDependency>
      <MissingDependency>
        <Required key="0" type="1" schemaName="botcomponent" displayName="Chatbot subcomponent" solution="PowerVirtualAgents (1.1.2.118)" />
        <Dependent key="3" type="botcomponent" displayName="new_topic_7af1516febc74b04bd1fae018e7b6955_dbafebd526364487911b63a2a774389f" id.schemaname="new_topic_7af1516febc74b04bd1fae018e7b6955_dbafebd526364487911b63a2a774389f" />
      </MissingDependency>
      <MissingDependency>
        <Required key="0" type="1" schemaName="botcomponent" displayName="Chatbot subcomponent" solution="PowerVirtualAgents (1.1.2.118)" />
        <Dependent key="4" type="botcomponent" displayName="new_topic_93a51305f8584935ae1617875387d5ce_db1f76b081dc43389df9dd2df7518737_confirmedsuccess" id.schemaname="new_topic_93a51305f8584935ae1617875387d5ce_db1f76b081dc43389df9dd2df7518737_confirmedsuccess" />
      </MissingDependency>
      <MissingDependency>
        <Required key="0" type="1" schemaName="botcomponent" displayName="Chatbot subcomponent" solution="PowerVirtualAgents (1.1.2.118)" />
        <Dependent key="5" type="botcomponent" displayName="new_topic_7af1516febc74b04bd1fae018e7b6955_db1f76b081dc43389df9dd2df7518737_confirmedsuccess" id.schemaname="new_topic_7af1516febc74b04bd1fae018e7b6955_db1f76b081dc43389df9dd2df7518737_confirmedsuccess" />
      </MissingDependency>
      <MissingDependency>
        <Required key="0" type="1" schemaName="botcomponent" displayName="Chatbot subcomponent" solution="PowerVirtualAgents (1.1.2.118)" />
        <Dependent key="6" type="botcomponent" displayName="new_topic_93a51305f8584935ae1617875387d5ce_85df75ce08a44a9b82cc8f3fdb25f669" id.schemaname="new_topic_93a51305f8584935ae1617875387d5ce_85df75ce08a44a9b82cc8f3fdb25f669" />
      </MissingDependency>
      <MissingDependency>
        <Required key="0" type="1" schemaName="botcomponent" displayName="Chatbot subcomponent" solution="PowerVirtualAgents (1.1.2.118)" />
        <Dependent key="7" type="botcomponent" displayName="new_topic_7af1516febc74b04bd1fae018e7b6955_85df75ce08a44a9b82cc8f3fdb25f669" id.schemaname="new_topic_7af1516febc74b04bd1fae018e7b6955_85df75ce08a44a9b82cc8f3fdb25f669" />
      </MissingDependency>
      <MissingDependency>
        <Required key="0" type="1" schemaName="botcomponent" displayName="Chatbot subcomponent" solution="PowerVirtualAgents (1.1.2.118)" />
        <Dependent key="8" type="botcomponent" displayName="new_topic_7af1516febc74b04bd1fae018e7b6955_21a34f1673a24096a99ba0effb63cc1d" id.schemaname="new_topic_7af1516febc74b04bd1fae018e7b6955_21a34f1673a24096a99ba0effb63cc1d" />
      </MissingDependency>
      <MissingDependency>
        <Required key="0" type="1" schemaName="botcomponent" displayName="Chatbot subcomponent" solution="PowerVirtualAgents (1.1.2.118)" />
        <Dependent key="9" type="botcomponent" displayName="new_topic_7af1516febc74b04bd1fae018e7b6955_8a4964498f83424bb3a86295bf7d0952_startover" id.schemaname="new_topic_7af1516febc74b04bd1fae018e7b6955_8a4964498f83424bb3a86295bf7d0952_startover" />
      </MissingDependency>
      <MissingDependency>
        <Required key="0" type="1" schemaName="botcomponent" displayName="Chatbot subcomponent" solution="PowerVirtualAgents (1.1.2.118)" />
        <Dependent key="10" type="botcomponent" displayName="new_topic_7af1516febc74b04bd1fae018e7b6955_aeabea4d071f415c8c107e1cb7af5424_assumedsuccess" id.schemaname="new_topic_7af1516febc74b04bd1fae018e7b6955_aeabea4d071f415c8c107e1cb7af5424_assumedsuccess" />
      </MissingDependency>
      <MissingDependency>
        <Required key="0" type="1" schemaName="botcomponent" displayName="Chatbot subcomponent" solution="PowerVirtualAgents (1.1.2.118)" />
        <Dependent key="11" type="botcomponent" displayName="new_topic_7af1516febc74b04bd1fae018e7b6955_33d5123770ba4daeafae51b361ddc80a" id.schemaname="new_topic_7af1516febc74b04bd1fae018e7b6955_33d5123770ba4daeafae51b361ddc80a" />
      </MissingDependency>
      <MissingDependency>
        <Required key="0" type="1" schemaName="botcomponent" displayName="Chatbot subcomponent" solution="PowerVirtualAgents (1.1.2.118)" />
        <Dependent key="12" type="botcomponent" displayName="new_topic_7af1516febc74b04bd1fae018e7b6955_954135cafcd647eaae5999ad91fc08cf_talktoagent" id.schemaname="new_topic_7af1516febc74b04bd1fae018e7b6955_954135cafcd647eaae5999ad91fc08cf_talktoagent" />
      </MissingDependency>
      <MissingDependency>
        <Required key="0" type="1" schemaName="botcomponent" displayName="Chatbot subcomponent" solution="PowerVirtualAgents (1.1.2.118)" />
        <Dependent key="13" type="botcomponent" displayName="new_topic_7af1516febc74b04bd1fae018e7b6955_d2198a5ee41a48a5bf70ab8970145a9f_confirmedfailure" id.schemaname="new_topic_7af1516febc74b04bd1fae018e7b6955_d2198a5ee41a48a5bf70ab8970145a9f_confirmedfailure" />
      </MissingDependency>
      <MissingDependency>
        <Required key="0" type="1" schemaName="botcomponent" displayName="Chatbot subcomponent" solution="PowerVirtualAgents (1.1.2.118)" />
        <Dependent key="14" type="botcomponent" displayName="new_topic_93a51305f8584935ae1617875387d5ce_21a34f1673a24096a99ba0effb63cc1d" id.schemaname="new_topic_93a51305f8584935ae1617875387d5ce_21a34f1673a24096a99ba0effb63cc1d" />
      </MissingDependency>
      <MissingDependency>
        <Required key="0" type="1" schemaName="botcomponent" displayName="Chatbot subcomponent" solution="PowerVirtualAgents (1.1.2.118)" />
        <Dependent key="15" type="botcomponent" displayName="new_topic_93a51305f8584935ae1617875387d5ce_f56d1a3e522740c78f9fac0939332dbd_goodbye" id.schemaname="new_topic_93a51305f8584935ae1617875387d5ce_f56d1a3e522740c78f9fac0939332dbd_goodbye" />
      </MissingDependency>
      <MissingDependency>
        <Required key="0" type="1" schemaName="botcomponent" displayName="Chatbot subcomponent" solution="PowerVirtualAgents (1.1.2.118)" />
        <Dependent key="16" type="botcomponent" displayName="new_topic_93a51305f8584935ae1617875387d5ce_33d5123770ba4daeafae51b361ddc80a" id.schemaname="new_topic_93a51305f8584935ae1617875387d5ce_33d5123770ba4daeafae51b361ddc80a" />
      </MissingDependency>
      <MissingDependency>
        <Required key="0" type="1" schemaName="botcomponent" displayName="Chatbot subcomponent" solution="PowerVirtualAgents (1.1.2.118)" />
        <Dependent key="17" type="botcomponent" displayName="new_topic_93a51305f8584935ae1617875387d5ce_3d2584ec30914684839527e05e7be172_thankyou" id.schemaname="new_topic_93a51305f8584935ae1617875387d5ce_3d2584ec30914684839527e05e7be172_thankyou" />
      </MissingDependency>
      <MissingDependency>
        <Required key="0" type="1" schemaName="botcomponent" displayName="Chatbot subcomponent" solution="PowerVirtualAgents (1.1.2.118)" />
        <Dependent key="18" type="botcomponent" displayName="new_topic_93a51305f8584935ae1617875387d5ce_aeabea4d071f415c8c107e1cb7af5424_assumedsuccess" id.schemaname="new_topic_93a51305f8584935ae1617875387d5ce_aeabea4d071f415c8c107e1cb7af5424_assumedsuccess" />
      </MissingDependency>
      <MissingDependency>
        <Required key="0" type="1" schemaName="botcomponent" displayName="Chatbot subcomponent" solution="PowerVirtualAgents (1.1.2.118)" />
        <Dependent key="19" type="botcomponent" displayName="new_topic_7af1516febc74b04bd1fae018e7b6955_ba7b967c97ba4c39bca58a8bb6a72d59_conversationstart" id.schemaname="new_topic_7af1516febc74b04bd1fae018e7b6955_ba7b967c97ba4c39bca58a8bb6a72d59_conversationstart" />
      </MissingDependency>
      <MissingDependency>
        <Required key="0" type="1" schemaName="botcomponent" displayName="Chatbot subcomponent" solution="PowerVirtualAgents (1.1.2.118)" />
        <Dependent key="20" type="botcomponent" displayName="new_customtype_93a51305f8584935ae1617875387d5ce_f86fcadfd497444e91ed11c12b059d10" id.schemaname="new_customtype_93a51305f8584935ae1617875387d5ce_f86fcadfd497444e91ed11c12b059d10" />
      </MissingDependency>
      <MissingDependency>
        <Required key="0" type="1" schemaName="botcomponent" displayName="Chatbot subcomponent" solution="PowerVirtualAgents (1.1.2.118)" />
        <Dependent key="21" type="botcomponent" displayName="new_topic_93a51305f8584935ae1617875387d5ce_dbafebd526364487911b63a2a774389f" id.schemaname="new_topic_93a51305f8584935ae1617875387d5ce_dbafebd526364487911b63a2a774389f" />
      </MissingDependency>
      <MissingDependency>
        <Required key="0" type="1" schemaName="botcomponent" displayName="Chatbot subcomponent" solution="PowerVirtualAgents (1.1.2.118)" />
        <Dependent key="22" type="botcomponent" displayName="new_topic_7af1516febc74b04bd1fae018e7b6955_f56d1a3e522740c78f9fac0939332dbd_goodbye" id.schemaname="new_topic_7af1516febc74b04bd1fae018e7b6955_f56d1a3e522740c78f9fac0939332dbd_goodbye" />
      </MissingDependency>
      <MissingDependency>
        <Required key="0" type="1" schemaName="botcomponent" displayName="Chatbot subcomponent" solution="PowerVirtualAgents (1.1.2.118)" />
        <Dependent key="23" type="botcomponent" displayName="new_topic_93a51305f8584935ae1617875387d5ce_954135cafcd647eaae5999ad91fc08cf_talktoagent" id.schemaname="new_topic_93a51305f8584935ae1617875387d5ce_954135cafcd647eaae5999ad91fc08cf_talktoagent" />
      </MissingDependency>
      <MissingDependency>
        <Required key="0" type="1" schemaName="botcomponent" displayName="Chatbot subcomponent" solution="PowerVirtualAgents (1.1.2.118)" />
        <Dependent key="24" type="botcomponent" displayName="new_customtype_7af1516febc74b04bd1fae018e7b6955_92610204747047ac8f788f7eecd91118" id.schemaname="new_customtype_7af1516febc74b04bd1fae018e7b6955_92610204747047ac8f788f7eecd91118" />
      </MissingDependency>
      <MissingDependency>
        <Required key="0" type="1" schemaName="botcomponent" displayName="Chatbot subcomponent" solution="PowerVirtualAgents (1.1.2.118)" />
        <Dependent key="25" type="botcomponent" displayName="new_topic_93a51305f8584935ae1617875387d5ce_8a4964498f83424bb3a86295bf7d0952_startover" id.schemaname="new_topic_93a51305f8584935ae1617875387d5ce_8a4964498f83424bb3a86295bf7d0952_startover" />
      </MissingDependency>
      <MissingDependency>
        <Required key="0" type="1" schemaName="botcomponent" displayName="Chatbot subcomponent" solution="PowerVirtualAgents (1.1.2.118)" />
        <Dependent key="26" type="botcomponent" displayName="new_customtype_7af1516febc74b04bd1fae018e7b6955_f86fcadfd497444e91ed11c12b059d10" id.schemaname="new_customtype_7af1516febc74b04bd1fae018e7b6955_f86fcadfd497444e91ed11c12b059d10" />
      </MissingDependency>
      <MissingDependency>
        <Required key="0" type="1" schemaName="botcomponent" displayName="Chatbot subcomponent" solution="PowerVirtualAgents (1.1.2.118)" />
        <Dependent key="27" type="botcomponent" displayName="new_customtype_93a51305f8584935ae1617875387d5ce_92610204747047ac8f788f7eecd91118" id.schemaname="new_customtype_93a51305f8584935ae1617875387d5ce_92610204747047ac8f788f7eecd91118" />
      </MissingDependency>
      <MissingDependency>
        <Required key="0" type="1" schemaName="botcomponent" displayName="Chatbot subcomponent" solution="PowerVirtualAgents (1.1.2.118)" />
        <Dependent key="28" type="botcomponent" displayName="new_topic_93a51305f8584935ae1617875387d5ce_ba7b967c97ba4c39bca58a8bb6a72d59_conversationstart" id.schemaname="new_topic_93a51305f8584935ae1617875387d5ce_ba7b967c97ba4c39bca58a8bb6a72d59_conversationstart" />
      </MissingDependency>
      <MissingDependency>
        <Required key="29" type="1" schemaName="bot" displayName="Chatbot" solution="PowerVirtualAgents (1.1.2.118)" />
        <Dependent key="30" type="bot" displayName="new_bot_93a51305f8584935ae1617875387d5ce" id.schemaname="new_bot_93a51305f8584935ae1617875387d5ce" />
      </MissingDependency>
      <MissingDependency>
        <Required key="29" type="1" schemaName="bot" displayName="Chatbot" solution="PowerVirtualAgents (1.1.2.118)" />
        <Dependent key="31" type="bot" displayName="new_bot_7af1516febc74b04bd1fae018e7b6955" id.schemaname="new_bot_7af1516febc74b04bd1fae018e7b6955" />
      </MissingDependency>
    </MissingDependencies>
  </SolutionManifest>
</ImportExportXml>