{
  "Intents": [
    {
      "IntentType": "Regular",
      "SystemIntentTypes": [],
      "TriggerQueries": [
        "What is the best product for me",
        "I want a laptop powerful enough for gaming",
        "I want a business laptop",
        "What is a product for the home",
        "I am a home user"
      ],
      "DialogId": "new_topic_93a51305f8584935ae1617875387d5ce_85df75ce08a44a9b82cc8f3fdb25f669",
      "IsTriggeringEnabled": true,
      "Id": "new_topic_93a51305f8584935ae1617875387d5ce_85df75ce08a44a9b82cc8f3fdb25f669",
      "DisplayName": "Lesson 4 - A topic with a conditions, variables and custom entity.",
      "Description": "Lesson 4 - This lesson continues to show you how you can create a topic with a conditional branch, variable, and custom entity.  \n\nIn particular it will allow an entity to bypass a follow up question. For instance, try testing with \"I want a business laptop.\"",
      "CreatedTime": "2019-10-25T14:05:07.4033156Z",
      "UpdatedTime": "2020-06-11T01:11:19.9166219Z",
      "CreatedUserId": "user0",
      "UpdatedUserId": "8eead718-d6ee-498c-9e70-8cb78960e275"
    }
  ],
  "Dialogs": [
    {
      "RootNodeId": "04f33a2f-64d3-4698-bd3e-5fe0965ec78c",
      "DialogType": "Regular",
      "MessageNodes": [
        {
          "BotMessageId": "f39e45e5-6315-47fe-b425-0feacf2d3292",
          "NodeType": "BotMessageNode",
          "Id": "4562fc54-7872-44c1-a218-19e2f1bba534",
          "DefaultTargetNodeId": "0a73e756-9c83-45aa-9be6-86aba432423e"
        },
        {
          "BotMessageId": "9d4bc72a-2f4f-47a0-90ec-fc0612750e70",
          "NodeType": "BotMessageNode",
          "Id": "28d7244f-b52c-45f1-bc35-d48cf9c76d24",
          "DefaultTargetNodeId": "0a73e756-9c83-45aa-9be6-86aba432423e"
        },
        {
          "BotMessageId": "6339ff9c-f4d3-4969-82d4-88f301d98b10",
          "NodeType": "BotMessageNode",
          "Id": "243d235a-417c-4056-b7bd-174572d42c11",
          "DefaultTargetNodeId": "0a73e756-9c83-45aa-9be6-86aba432423e"
        },
        {
          "BotMessageId": "6b594d63-379c-4f19-9907-318d5f73d66d",
          "NodeType": "BotMessageNode",
          "Id": "5bf5e2f0-e06a-4568-a08d-c0f6f4eaadd0",
          "DefaultTargetNodeId": "3aad311e-7cfc-4ea7-93fd-05f8c90428b0"
        },
        {
          "BotMessageId": "d44fb653-abe2-4fef-b452-c68efdcf6fec",
          "NodeType": "BotMessageNode",
          "Id": "8aff95f1-bd34-4943-857b-957976c0b453",
          "DefaultTargetNodeId": "3aad311e-7cfc-4ea7-93fd-05f8c90428b0"
        }
      ],
      "DialogChangeNodes": [
        {
          "TargetDialogId": "new_topic_93a51305f8584935ae1617875387d5ce_aeabea4d071f415c8c107e1cb7af5424_assumedsuccess",
          "NodeType": "DialogChangeNode",
          "Id": "3aad311e-7cfc-4ea7-93fd-05f8c90428b0"
        }
      ],
      "QuestionNodes": [
        {
          "ContextVariableId": "49138b46-c46f-4104-9252-6988d4524d14",
          "NodeType": "QuestionNode",
          "Id": "04f33a2f-64d3-4698-bd3e-5fe0965ec78c",
          "Routes": [
            {
              "Expression": "@equals(parameters('49138b46-c46f-4104-9252-6988d4524d14'), 'ff0ca6dd-de7a-4bee-b849-16210d63f3c5')",
              "TargetNodeId": "4562fc54-7872-44c1-a218-19e2f1bba534"
            },
            {
              "Expression": "@equals(parameters('49138b46-c46f-4104-9252-6988d4524d14'), '2ccf421b-89a6-43a8-8b4f-b8d8f63b58bf')",
              "TargetNodeId": "28d7244f-b52c-45f1-bc35-d48cf9c76d24"
            },
            {
              "Expression": "@equals(parameters('49138b46-c46f-4104-9252-6988d4524d14'), '2d32734c-9552-47c5-963b-563fe1d9ea7e')",
              "TargetNodeId": "243d235a-417c-4056-b7bd-174572d42c11"
            }
          ]
        },
        {
          "ContextVariableId": "3d38f739-d65f-4e53-b6ab-b7bb5491b527",
          "NodeType": "QuestionNode",
          "Id": "0a73e756-9c83-45aa-9be6-86aba432423e",
          "Routes": [
            {
              "Expression": "@equals(parameters('3d38f739-d65f-4e53-b6ab-b7bb5491b527'), true)",
              "TargetNodeId": "5bf5e2f0-e06a-4568-a08d-c0f6f4eaadd0"
            }
          ],
          "DefaultTargetNodeId": "8aff95f1-bd34-4943-857b-957976c0b453"
        }
      ],
      "Id": "new_topic_93a51305f8584935ae1617875387d5ce_85df75ce08a44a9b82cc8f3fdb25f669",
      "DisplayName": "Dialog for Lesson 4- A simple dialog with a condition, variable and custom slot/entity.",
      "CreatedTime": "2019-10-25T14:05:07.4033156+00:00",
      "UpdatedTime": "2020-06-11T01:11:19.9166219Z",
      "CreatedUserId": "user0",
      "UpdatedUserId": "8eead718-d6ee-498c-9e70-8cb78960e275"
    }
  ],
  "BotMessages": [
    {
      "ChannelContent": {
        "web": {
          "ContentFormat": "Markdown",
          "Content": "Do you see yourself as a home user, a gamer or a business user?"
        }
      },
      "Id": "0f276f67-9371-4403-9139-969c212021be",
      "CreatedTime": "2019-10-25T14:08:32.926Z",
      "UpdatedTime": "2020-06-11T01:11:19.9166219Z",
      "CreatedUserId": "user0",
      "UpdatedUserId": "8eead718-d6ee-498c-9e70-8cb78960e275"
    },
    {
      "ChannelContent": {
        "web": {
          "ContentFormat": "Markdown",
          "Content": "We have the product for you!\n\nThe Contoso Laptop i3 has enough power and memory to last you years."
        }
      },
      "Id": "f39e45e5-6315-47fe-b425-0feacf2d3292",
      "CreatedTime": "2019-10-25T14:11:07.108Z",
      "UpdatedTime": "2020-06-11T01:11:19.9166219Z",
      "CreatedUserId": "user0",
      "UpdatedUserId": "8eead718-d6ee-498c-9e70-8cb78960e275"
    },
    {
      "ChannelContent": {
        "web": {
          "ContentFormat": "Markdown",
          "Content": "We have the product for you!\n\nThe Contoso Laptop i7 has enough power and memory to let you play the latest games without missing a beat."
        }
      },
      "Id": "9d4bc72a-2f4f-47a0-90ec-fc0612750e70",
      "CreatedTime": "2019-10-25T14:12:01.075Z",
      "UpdatedTime": "2020-06-11T01:11:19.9166219Z",
      "CreatedUserId": "user0",
      "UpdatedUserId": "8eead718-d6ee-498c-9e70-8cb78960e275"
    },
    {
      "ChannelContent": {
        "web": {
          "ContentFormat": "Markdown",
          "Content": "We have the product for you!\n\nThe Contoso Laptop i5 has enough power and memory to last you years. It is also mobile, with an extra camera for crisp and clear video conferences."
        }
      },
      "Id": "6339ff9c-f4d3-4969-82d4-88f301d98b10",
      "CreatedTime": "2019-10-25T14:12:40.524Z",
      "UpdatedTime": "2020-06-11T01:11:19.9166219Z",
      "CreatedUserId": "user0",
      "UpdatedUserId": "8eead718-d6ee-498c-9e70-8cb78960e275"
    },
    {
      "ChannelContent": {
        "web": {
          "ContentFormat": "Markdown",
          "Content": "Excellent. The item has been added to your cart."
        }
      },
      "Id": "6b594d63-379c-4f19-9907-318d5f73d66d",
      "CreatedTime": "2019-10-25T14:15:42.714Z",
      "UpdatedTime": "2020-06-11T01:11:19.9166219Z",
      "CreatedUserId": "user0",
      "UpdatedUserId": "8eead718-d6ee-498c-9e70-8cb78960e275"
    },
    {
      "ChannelContent": {
        "web": {
          "ContentFormat": "Markdown",
          "Content": "Shall I add this to your cart?"
        }
      },
      "Id": "30334817-37ef-4f56-8364-89acaeb2234d",
      "CreatedTime": "2019-10-25T14:15:09.19Z",
      "UpdatedTime": "2020-06-11T01:11:19.9166219Z",
      "CreatedUserId": "user0",
      "UpdatedUserId": "8eead718-d6ee-498c-9e70-8cb78960e275"
    },
    {
      "ChannelContent": {
        "web": {
          "ContentFormat": "Markdown",
          "Content": "Understood. Please return when you are ready to buy our products."
        }
      },
      "Id": "d44fb653-abe2-4fef-b452-c68efdcf6fec",
      "CreatedTime": "2019-10-25T14:26:26.207Z",
      "UpdatedTime": "2020-06-11T01:11:19.9166219Z",
      "CreatedUserId": "user0",
      "UpdatedUserId": "8eead718-d6ee-498c-9e70-8cb78960e275"
    }
  ],
  "ContextVariables": [
    {
      "ContextVariableType": "Regular",
      "SystemVariableTypes": [],
      "SystemType": "Custom",
      "CustomTypeId": "new_customtype_93a51305f8584935ae1617875387d5ce_f86fcadfd497444e91ed11c12b059d10",
      "InitializerType": "UserQuestion",
      "Scope": "Dialog",
      "GreedySlotFillingEnabled": true,
      "IsInput": false,
      "ExternalInitializationAllowed": false,
      "NamedEntityOptions": [
        "ff0ca6dd-de7a-4bee-b849-16210d63f3c5",
        "2ccf421b-89a6-43a8-8b4f-b8d8f63b58bf",
        "2d32734c-9552-47c5-963b-563fe1d9ea7e"
      ],
      "Messages": {
        "GetValue": [
          "0f276f67-9371-4403-9139-969c212021be"
        ]
      },
      "IsGlobal": false,
      "Id": "49138b46-c46f-4104-9252-6988d4524d14",
      "DisplayName": "pva_UsageType",
      "CreatedTime": "2019-10-25T14:08:32.927Z",
      "UpdatedTime": "2020-06-11T01:11:19.9166219Z",
      "CreatedUserId": "user0",
      "UpdatedUserId": "8eead718-d6ee-498c-9e70-8cb78960e275"
    },
    {
      "ContextVariableType": "Regular",
      "SystemVariableTypes": [],
      "SystemType": "Boolean",
      "InitializerType": "UserQuestion",
      "Scope": "Dialog",
      "GreedySlotFillingEnabled": true,
      "IsInput": false,
      "ExternalInitializationAllowed": false,
      "Messages": {
        "GetValue": [
          "30334817-37ef-4f56-8364-89acaeb2234d"
        ]
      },
      "IsGlobal": false,
      "Id": "3d38f739-d65f-4e53-b6ab-b7bb5491b527",
      "DisplayName": "pva_AddToCart",
      "CreatedTime": "2019-10-25T14:15:09.19Z",
      "UpdatedTime": "2020-06-11T01:11:19.9166219Z",
      "CreatedUserId": "user0",
      "UpdatedUserId": "8eead718-d6ee-498c-9e70-8cb78960e275"
    }
  ],
  "SystemIntentIds": {},
  "SystemVariableIds": {},
  "SystemNamedEntityIds": {}
}