{
  "Intents": [
    {
      "IntentType": "System",
      "SystemIntentTypes": [
        "ConfirmedFailure"
      ],
      "DialogId": "new_topic_7af1516febc74b04bd1fae018e7b6955_d2198a5ee41a48a5bf70ab8970145a9f_confirmedfailure",
      "IsTriggeringEnabled": true,
      "Id": "new_topic_7af1516febc74b04bd1fae018e7b6955_d2198a5ee41a48a5bf70ab8970145a9f_confirmedfailure",
      "DisplayName": "Confirmed Failure",
      "Description": "System Intent Confirmed Failure",
      "CreatedTime": "2019-01-15T00:00:00",
      "UpdatedTime": "2019-01-15T00:00:00",
      "CreatedUserId": "user0",
      "UpdatedUserId": "user0"
    }
  ],
  "NamedEntities": [
    {
      "NamedEntityType": "Regular",
      "SystemNamedEntityTypes": [],
      "Id": "e19c32cc-1421-47ec-9c1a-c9ceb28c7e20",
      "DisplayName": "Talk to an agent",
      "CreatedTime": "2019-01-15T00:00:00",
      "UpdatedTime": "2019-01-15T00:00:00",
      "CreatedUserId": "user0",
      "UpdatedUserId": "user0"
    },
    {
      "NamedEntityType": "Regular",
      "SystemNamedEntityTypes": [],
      "Id": "1eb4c8a2-5c34-497c-bf8e-889712616847",
      "DisplayName": "Rephrase",
      "CreatedTime": "2019-01-15T00:00:00",
      "UpdatedTime": "2019-01-15T00:00:00",
      "CreatedUserId": "user0",
      "UpdatedUserId": "user0"
    }
  ],
  "Dialogs": [
    {
      "RootNodeId": "c326a83a-386b-4ce8-a31b-2751e404e242",
      "DialogType": "System",
      "MessageNodes": [
        {
          "BotMessageId": "ee0e2f99-f1e1-4cac-b37b-83a6d3f3d5f3",
          "NodeType": "BotMessageNode",
          "Id": "0c0475e6-e6d1-401e-a964-4362b7c3b9d7"
        }
      ],
      "DialogChangeNodes": [
        {
          "TargetDialogId": "new_topic_7af1516febc74b04bd1fae018e7b6955_954135cafcd647eaae5999ad91fc08cf_talktoagent",
          "NodeType": "DialogChangeNode",
          "Id": "9087e5bb-0abb-4dc7-8b71-2f9588ff1019"
        }
      ],
      "QuestionNodes": [
        {
          "ContextVariableId": "8c9b352b-0503-4429-af1e-ea5c219db1ec",
          "NodeType": "QuestionNode",
          "Id": "c326a83a-386b-4ce8-a31b-2751e404e242",
          "Routes": [
            {
              "Expression": "@equals(parameters('8c9b352b-0503-4429-af1e-ea5c219db1ec'), 'e19c32cc-1421-47ec-9c1a-c9ceb28c7e20')",
              "TargetNodeId": "9087e5bb-0abb-4dc7-8b71-2f9588ff1019"
            },
            {
              "Expression": "@equals(parameters('8c9b352b-0503-4429-af1e-ea5c219db1ec'), '1eb4c8a2-5c34-497c-bf8e-889712616847')",
              "TargetNodeId": "0c0475e6-e6d1-401e-a964-4362b7c3b9d7"
            }
          ]
        }
      ],
      "Id": "new_topic_7af1516febc74b04bd1fae018e7b6955_d2198a5ee41a48a5bf70ab8970145a9f_confirmedfailure",
      "DisplayName": "Dialog",
      "CreatedTime": "2019-01-15T00:00:00",
      "UpdatedTime": "2019-01-15T00:00:00",
      "CreatedUserId": "user0",
      "UpdatedUserId": "user0"
    }
  ],
  "BotMessages": [
    {
      "ChannelContent": {
        "web": {
          "ContentFormat": "Markdown",
          "Content": "Sorry I wasn't able to help better. Would you like to talk to a human agent or to try rephrasing?"
        }
      },
      "Id": "c70645ee-6f32-47c4-b18c-8d0a65ca3789",
      "CreatedTime": "2019-01-15T00:00:00",
      "UpdatedTime": "2019-01-15T00:00:00",
      "CreatedUserId": "user0",
      "UpdatedUserId": "user0"
    },
    {
      "ChannelContent": {
        "web": {
          "ContentFormat": "PlainText",
          "Content": "Go ahead. I'm listening."
        }
      },
      "Id": "ee0e2f99-f1e1-4cac-b37b-83a6d3f3d5f3",
      "CreatedTime": "2019-01-15T00:00:00",
      "UpdatedTime": "2019-01-15T00:00:00",
      "CreatedUserId": "user0",
      "UpdatedUserId": "user0"
    }
  ],
  "ContextVariables": [
    {
      "ContextVariableType": "Regular",
      "SystemVariableTypes": [],
      "SystemType": "String",
      "InitializerType": "UserQuestion",
      "Scope": "Dialog",
      "GreedySlotFillingEnabled": false,
      "IsInput": false,
      "ExternalInitializationAllowed": false,
      "NamedEntityOptions": [
        "e19c32cc-1421-47ec-9c1a-c9ceb28c7e20",
        "1eb4c8a2-5c34-497c-bf8e-889712616847"
      ],
      "Messages": {
        "GetValue": [
          "c70645ee-6f32-47c4-b18c-8d0a65ca3789"
        ]
      },
      "IsGlobal": false,
      "Id": "8c9b352b-0503-4429-af1e-ea5c219db1ec",
      "CreatedTime": "2019-01-15T00:00:00",
      "UpdatedTime": "2019-01-15T00:00:00",
      "CreatedUserId": "user0",
      "UpdatedUserId": "user0"
    }
  ],
  "SystemIntentIds": {},
  "SystemVariableIds": {},
  "SystemNamedEntityIds": {}
}