{
  "NamedEntities": [
    {
      "NamedEntityType": "Regular",
      "SystemNamedEntityTypes": [],
      "Synonyms": [
        "home"
      ],
      "Id": "ff0ca6dd-de7a-4bee-b849-16210d63f3c5",
      "DisplayName": "Home User",
      "CreatedTime": "0001-01-01T00:00:00",
      "UpdatedTime": "2020-06-10T15:26:25.9334559Z",
      "UpdatedUserId": "8eead718-d6ee-498c-9e70-8cb78960e275"
    },
    {
      "NamedEntityType": "Regular",
      "SystemNamedEntityTypes": [],
      "Synonyms": [
        "gaming"
      ],
      "Id": "2ccf421b-89a6-43a8-8b4f-b8d8f63b58bf",
      "DisplayName": "Gamer",
      "CreatedTime": "0001-01-01T00:00:00",
      "UpdatedTime": "2020-06-10T15:26:25.9334559Z",
      "UpdatedUserId": "8eead718-d6ee-498c-9e70-8cb78960e275"
    },
    {
      "NamedEntityType": "Regular",
      "SystemNamedEntityTypes": [],
      "Synonyms": [
        "business"
      ],
      "Id": "2d32734c-9552-47c5-963b-563fe1d9ea7e",
      "DisplayName": "Business User",
      "CreatedTime": "0001-01-01T00:00:00",
      "UpdatedTime": "2020-06-10T15:26:25.9334559Z",
      "UpdatedUserId": "8eead718-d6ee-498c-9e70-8cb78960e275"
    }
  ],
  "ClosedListTypes": [
    {
      "NamedEntities": [
        "ff0ca6dd-de7a-4bee-b849-16210d63f3c5",
        "2ccf421b-89a6-43a8-8b4f-b8d8f63b58bf",
        "2d32734c-9552-47c5-963b-563fe1d9ea7e"
      ],
      "SmartMatchingEnabled": true,
      "CustomTypeSchema": "ClosedList",
      "Id": "new_customtype_7af1516febc74b04bd1fae018e7b6955_f86fcadfd497444e91ed11c12b059d10",
      "DisplayName": "Usage Type",
      "Description": "Lesson 4 Usage Type Entity",
      "CreatedTime": "2019-10-25T14:03:43.9601778Z",
      "UpdatedTime": "2020-06-10T15:26:25.9334559Z",
      "CreatedUserId": "user0",
      "UpdatedUserId": "8eead718-d6ee-498c-9e70-8cb78960e275"
    }
  ],
  "SystemIntentIds": {},
  "SystemVariableIds": {},
  "SystemNamedEntityIds": {}
}